Data Source in SDW: https://sdw.ecb.europa.eu/browse.do?node=9691297,,,,,,,,,,,,,,,,,,,,,,,,,,,,,,,
,EXR.A.ARS.EUR.SP00.A,EXR.A.ARS.EUR.SP00.E,EXR.A.DZD.EUR.SP00.A,EXR.A.DZD.EUR.SP00.E,EXR.A.EGP.EUR.SP00.E,EXR.A.MAD.EUR.SP00.A,EXR.A.MAD.EUR.SP00.E,EXR.A.TWD.EUR.SP00.A,EXR.A.TWD.EUR.SP00.E,EXR.H.ARS.EUR.SP00.A,EXR.H.DZD.EUR.SP00.A,EXR.H.MAD.EUR.SP00.A,EXR.H.TWD.EUR.SP00.A,EXR.M.ARS.EUR.SP00.A,EXR.M.ARS.EUR.SP00.E,EXR.M.DZD.EUR.SP00.A,EXR.M.DZD.EUR.SP00.E,EXR.M.EGP.EUR.SP00.E,EXR.M.MAD.EUR.SP00.A,EXR.M.MAD.EUR.SP00.E,EXR.M.TWD.EUR.SP00.A,EXR.M.TWD.EUR.SP00.E,EXR.Q.ARS.EUR.SP00.A,EXR.Q.ARS.EUR.SP00.E,EXR.Q.DZD.EUR.SP00.A,EXR.Q.DZD.EUR.SP00.E,EXR.Q.EGP.EUR.SP00.E,EXR.Q.MAD.EUR.SP00.A,EXR.Q.MAD.EUR.SP00.E,EXR.Q.TWD.EUR.SP00.A,EXR.Q.TWD.EUR.SP00.E
,"Annual, Argentine peso, Average","Annual, Argentine peso, End-of-period","Annual, Algerian dinar, Average","Annual, Algerian dinar, End-of-period","Annual, Egyptian pound, End-of-period","Annual, Moroccan dirham, Average","Annual, Moroccan dirham, End-of-period","Annual, New Taiwan dollar, Average","Annual, New Taiwan dollar, End-of-period","Half-yearly, Argentine peso, Average","Half-yearly, Algerian dinar, Average","Half-yearly, Moroccan dirham, Average","Half-yearly, New Taiwan dollar, Average","Monthly, Argentine peso, Average","Monthly, Argentine peso, End-of-period","Monthly, Algerian dinar, Average","Monthly, Algerian dinar, End-of-period","Monthly, Egyptian pound, End-of-period","Monthly, Moroccan dirham, Average","Monthly, Moroccan dirham, End-of-period","Monthly, New Taiwan dollar, Average","Monthly, New Taiwan dollar, End-of-period","Quarterly, Argentine peso, Average","Quarterly, Argentine peso, End-of-period","Quarterly, Algerian dinar, Average","Quarterly, Algerian dinar, End-of-period","Quarterly, Egyptian pound, End-of-period","Quarterly, Moroccan dirham, Average","Quarterly, Moroccan dirham, End-of-period","Quarterly, New Taiwan dollar, Average","Quarterly, New Taiwan dollar, End-of-period"
Collection:,Average of observations through period (A),End of period (E),Average of observations through period (A),End of period (E),End of period (E),Average of observations through period (A),End of period (E),Average of observations through period (A),End of period (E),Average of observations through period (A),Average of observations through period (A),Average of observations through period (A),Average of observations through period (A),Average of observations through period (A),End of period (E),Average of observations through period (A),End of period (E),End of period (E),Average of observations through period (A),End of period (E),Average of observations through period (A),End of period (E),Average of observations through period (A),End of period (E),Average of observations through period (A),End of period (E),End of period (E),Average of observations through period (A),End of period (E),Average of observations through period (A),End of period (E)
Period\Unit:,[Argentine peso ],[Argentine peso ],[Algerian dinar ],[Algerian dinar ],[Egyptian pound ],[Moroccan dirham ],[Moroccan dirham ],[New Taiwan dollar ],[New Taiwan dollar ],[Argentine peso ],[Algerian dinar ],[Moroccan dirham ],[New Taiwan dollar ],[Argentine peso ],[Argentine peso ],[Algerian dinar ],[Algerian dinar ],[Egyptian pound ],[Moroccan dirham ],[Moroccan dirham ],[New Taiwan dollar ],[New Taiwan dollar ],[Argentine peso ],[Argentine peso ],[Algerian dinar ],[Algerian dinar ],[Egyptian pound ],[Moroccan dirham ],[Moroccan dirham ],[New Taiwan dollar ],[New Taiwan dollar ]
2020/10/31,,,,,,,,,,,,,,91.16783,91.5953,151.8206,151.4382,18.3659,10.8361,10.7485,33.791,33.424,,,,,,,,,
2020/9/30,,,,,,,,,,,,,,88.50173,89.1154,151.7853,151.2966,18.4811,10.8692,10.83,34.448,33.927,85.51935,89.1154,150.1723,151.2966,18.4811,10.9062,10.83,34.301,33.927
2020/8/31,,,,,,,,,,,,,,86.52664,88.3053,151.7891,152.8165,18.9488,10.917,10.9081,34.767,35.07,,,,,,,,,
2020/7/31,,,,,,,,,,,,,,81.74694,85.5473,147.1532,152.0596,18.9213,10.9317,11.0025,33.735,34.751,,,,,,,,,
2020/6/30,,,,,,,,,,71.06793,137.0097,10.7591,33.065,78.10729,78.7852,144.8766,144.7892,18.1058,10.8918,10.8803,33.378,32.973,74.47111,78.7852,141.3041,144.7892,18.1058,10.8743,10.8803,32.918,32.973
2020/5/31,,,,,,,,,,,,,,73.71618,76.1675,140.2187,142.9473,17.6394,10.7421,10.8887,32.652,33.395,,,,,,,,,
2020/4/30,,,,,,,,,,,,,,71.22625,72.5212,138.4598,139.3923,17.1297,10.9871,10.766,32.677,32.35,,,,,,,,,
2020/3/31,,,,,,,,,,,,,,69.82061,70.5479,134.2236,136.6432,17.2557,10.7144,11.1094,33.35,33.196,67.77109,70.5479,132.8496,136.6432,17.2557,10.6475,11.1094,33.208,33.196
2020/2/29,,,,,,,,,,,,,,66.84938,68.2631,131.3986,131.8996,17.1598,10.5559,10.5661,32.903,33.148,,,,,,,,,
2020/1/31,,,,,,,,,,,,,,66.55949,66.638,132.7945,132.4118,17.4622,10.6638,10.6209,33.343,33.502,,,,,,,,,
2019/12/31,53.82004,67.2692,133.6953,133.6913,18.0474,10.7654,10.7465,34.607,33.605,60.56454,132.9417,10.6887,34.225,66.52403,67.2692,132.9178,133.6913,18.0474,10.6911,10.7465,33.645,33.605,65.61119,67.2692,132.6772,133.6913,18.0474,10.6767,10.7465,33.754,33.605
2019/11/30,,,,,,,,,,,,,,65.99649,65.6449,132.5991,132.1135,17.703,10.6661,10.6344,33.679,33.52,,,,,,,,,
2019/10/31,,,,,,,,,,,,,,64.46563,66.5113,132.5393,133.3405,17.9775,10.674,10.7319,33.918,33.942,,,,,,,,,
2019/9/30,,,,,,,,,,,,,,62.30643,62.4212,132.3006,131.3649,17.7178,10.6644,10.629,34.218,33.809,55.67081,62.4212,133.1981,131.3649,17.7178,10.7002,10.629,34.681,33.809
2019/8/31,,,,,,,,,,,,,,57.78339,63.8764,133.3089,132.6417,18.2646,10.6704,10.6283,34.931,34.58,,,,,,,,,
2019/7/31,,,,,,,,,,,,,,47.59147,48.9429,133.9116,133.5109,18.427,10.7615,10.7165,34.865,34.658,,,,,,,,,
2019/6/30,,,,,,,,,,46.80576,134.479,10.8453,35.005,49.50667,48.5926,134.5832,135.1455,18.9989,10.8475,10.8912,35.332,35.287,49.41873,48.5926,134.1553,135.1455,18.9989,10.832,10.8912,34.991,35.287
2019/5/31,,,,,,,,,,,,,,50.15508,49.6833,133.7558,133.4425,18.7114,10.8223,10.8407,34.967,35.271,,,,,,,,,
2019/4/30,,,,,,,,,,,,,,48.52079,49.7434,134.1668,134.0479,19.2389,10.8273,10.8208,34.677,34.664,,,,,,,,,
2019/3/31,,,,,,,,,,,,,,46.47971,48.6476,134.5312,134.0184,19.4703,10.8639,10.854,34.878,34.653,44.23426,48.6476,134.7977,134.0184,19.4703,10.8583,10.854,35.018,34.653
2019/2/28,,,,,,,,,,,,,,43.52365,44.3854,134.6961,135.1883,20.0122,10.8258,10.8867,34.963,35.157,,,,,,,,,
2019/1/31,,,,,,,,,,,,,,42.73688,42.6147,135.1443,135.5973,20.2993,10.8824,10.9275,35.201,35.274,,,,,,,,,
2018/12/31,32.91149,43.1299,137.6462,135.5664,20.5127,11.0798,10.9532,35.593,35.061,39.62428,136.3078,10.918,35.437,43.10546,43.1299,134.9808,135.5664,20.5127,10.8503,10.9532,35.062,35.061,42.39444,43.1299,135.3798,135.5664,20.5127,10.8488,10.9532,35.201,35.061
2018/11/30,,,,,,,,,,,,,,41.34812,42.8677,134.7682,134.6218,20.344,10.8053,10.7992,35.032,35.016,,,,,,,,,
2018/10/31,,,,,,,,,,,,,,42.80789,41.5088,136.2944,134.6802,20.2705,10.8893,10.8121,35.478,35.033,,,,,,,,,
2018/9/30,,,,,,,,,,,,,,44.79312,46.1252,137.577,136.8949,20.7442,10.9588,10.9389,35.837,35.293,36.89673,46.1252,137.2216,136.8949,20.7442,10.986,10.9389,35.67,35.293
2018/8/31,,,,,,,,,,,,,,34.39972,45.1301,136.6594,137.3094,20.7737,10.9418,10.9694,35.479,35.785,,,,,,,,,
2018/7/31,,,,,,,,,,,,,,32.32871,31.9571,137.4862,137.9811,20.9722,11.0571,11.0614,35.718,35.951,,,,,,,,,
2018/6/30,,,,,,,,,,26.03887,139.0165,11.2456,35.753,30.9169,32.7123,136.5961,136.9803,20.8562,11.0899,11.0734,35.135,35.464,27.88236,32.7123,137.8896,136.9803,20.8562,11.1731,11.0734,35.494,35.464
2018/5/31,,,,,,,,,,,,,,27.76654,29.1498,137.0315,136.2173,20.9412,11.1338,11.0969,35.302,35.069,,,,,,,,,
2018/4/30,,,,,,,,,,,,,,24.82349,24.8,140.1917,138.7813,21.2953,11.3038,11.2257,36.083,35.761,,,,,,,,,
2018/3/31,,,,,,,,,,,,,,24.96691,24.8046,140.6138,140.662,21.7466,11.3253,11.3331,36.043,35.93,24.19539,24.8046,140.1434,140.662,21.7466,11.318,11.3331,36.011,35.93
2018/2/28,,,,,,,,,,,,,,24.49827,24.6662,140.5923,139.6883,21.5195,11.3472,11.3015,36.114,35.821,,,,,,,,,
2018/1/31,,,,,,,,,,,,,,23.18357,24.4543,139.2864,141.2756,21.9679,11.2845,11.383,35.888,36.288,,,,,,,,,
2017/12/31,18.74169,22.7027,125.3013,137.6386,21.3236,10.9484,11.2236,34.363,35.564,20.45084,132.0757,11.1201,35.502,20.83339,22.7027,136.2905,137.6386,21.3236,11.1635,11.2236,35.473,35.564,20.61649,22.7027,135.0396,137.6386,21.3236,11.1228,11.2236,35.458,35.564
2017/11/30,,,,,,,,,,,,,,20.55338,20.6528,134.929,136.3137,20.952,11.1058,11.1685,35.317,35.565,,,,,,,,,
2017/10/31,,,,,,,,,,,,,,20.49226,20.5318,134.07,134.0812,20.5681,11.1047,11.0602,35.586,35.107,,,,,,,,,
2017/9/30,,,,,,,,,,,,,,20.54084,20.693,133.0654,133.5443,20.8258,11.1572,11.12,35.91,35.828,20.29029,20.693,129.203,133.5443,20.8258,11.1174,11.12,35.545,35.828
2017/8/31,,,,,,,,,,,,,,20.57974,20.5696,129.4328,131.6381,20.8593,11.1447,11.1266,35.704,35.67,,,,,,,,,
2017/7/31,,,,,,,,,,,,,,19.72272,20.8726,125.0891,127.031,21.0119,11.0476,11.1244,35.006,35.437,,,,,,,,,
2017/6/30,,,,,,,,,,17.01908,118.4734,10.7753,33.215,18.07827,18.8184,121.6521,123.0372,20.6785,10.9467,11.016,34.002,34.663,17.35586,18.8184,120.0575,123.0372,20.6785,10.8604,11.016,33.351,34.663
2017/5/31,,,,,,,,,,,,,,17.36146,18.1163,120.3299,121.5813,20.3605,10.8747,10.94,33.339,33.795,,,,,,,,,
2017/4/30,,,,,,,,,,,,,,16.46606,16.8377,117.7758,119.1479,19.7287,10.7375,10.8279,32.57,33.011,,,,,,,,,
2017/3/31,,,,,,,,,,,,,,16.59908,16.4871,117.3256,117.446,19.5004,10.7131,10.7148,32.746,32.49,16.69785,16.4871,116.9625,117.446,19.5004,10.6942,10.7148,33.085,32.49
2017/2/28,,,,,,,,,,,,,,16.61155,16.3989,116.8685,116.5538,16.8121,10.691,10.6665,32.859,32.458,,,,,,,,,
2017/1/31,,,,,,,,,,,,,,16.87955,17.1139,116.6682,117.543,20.3323,10.6773,10.7595,33.644,33.593,,,,,,,,,
2016/12/31,16.34014,16.7918,121.0805,116.2567,19.1108,10.8529,10.6586,35.686,34.177,16.6799,120.8774,10.8211,34.852,16.73753,16.7918,116.7965,116.2567,19.1108,10.6535,10.6586,33.748,34.177,16.68185,16.7918,119.1687,116.2567,19.1108,10.7456,10.6586,34.284,34.177
2016/11/30,,,,,,,,,,,,,,16.56821,16.7395,119.322,117.7986,19.143,10.748,10.682,34.28,33.879,,,,,,,,,
2016/10/31,,,,,,,,,,,,,,16.74523,16.6199,121.3805,120.2322,9.72,10.8352,10.806,34.824,34.568,,,,,,,,,
2016/9/30,,,,,,,,,,,,,,16.91692,17.1377,122.5097,122.4901,9.9109,10.9052,10.901,35.296,34.983,16.678,17.1377,122.5343,122.4901,9.9109,10.8944,10.901,35.402,34.983
2016/8/31,,,,,,,,,,,,,,16.63291,16.7025,122.7108,122.0179,9.7869,10.9108,10.876,35.378,35.345,,,,,,,,,
2016/7/31,,,,,,,,,,,,,,16.47708,16.7051,122.3667,122.6316,9.8678,10.8651,10.8865,35.54,35.468,,,,,,,,,
2016/6/30,,,,,,,,,,15.99237,121.2884,10.8854,36.54,15.84035,16.6141,123.6177,122.6035,9.853,10.9152,10.8792,36.31,35.739,16.05361,16.6141,123.6533,122.6035,9.853,10.9364,10.8792,36.595,35.739
2016/5/31,,,,,,,,,,,,,,15.99153,15.5654,124.084,123.1237,9.9047,10.9419,10.8855,36.814,36.354,,,,,,,,,
2016/4/30,,,,,,,,,,,,,,16.34207,16.3348,123.2395,124.3725,10.1258,10.9528,10.978,36.662,36.806,,,,,,,,,
2016/3/31,,,,,,,,,,,,,,16.6517,16.6659,121.4979,123.4725,10.1098,10.8624,10.9715,36.228,36.59,15.92816,16.6659,118.8091,123.4725,10.1098,10.832,10.9715,36.482,36.59
2016/2/29,,,,,,,,,,,,,,16.30441,16.9581,118.19,118.3155,8.5254,10.8601,10.7824,36.886,36.243,,,,,,,,,
2016/1/31,,,,,,,,,,,,,,14.77337,15.1733,116.6358,116.9423,8.5504,10.7704,10.787,36.325,36.498,,,,,,,,,
2015/12/31,10.25281,14.0953,111.3701,116.5988,8.5246,10.8234,10.7845,35.247,35.79,10.64711,115.7322,10.8257,35.663,12.07488,14.0953,116.6401,116.5988,8.5246,10.7757,10.7845,35.713,35.79,11.01756,14.0953,117.0899,116.5988,8.5246,10.7988,10.7845,35.745,35.79
2015/11/30,,,,,,,,,,,,,,10.31426,10.2672,115.6178,114.6984,8.2834,10.7131,10.6547,35.039,34.57,,,,,,,,,
2015/10/31,,,,,,,,,,,,,,10.63159,10.482,118.9451,117.683,8.8467,10.9038,10.8194,36.451,35.723,,,,,,,,,
2015/9/30,,,,,,,,,,,,,,10.50711,10.5577,118.838,118.7229,8.772,10.8967,10.8904,36.655,36.834,10.28227,10.5577,114.3951,118.7229,8.772,10.8521,10.8904,35.582,36.834
2015/8/31,,,,,,,,,,,,,,10.29932,10.429,115.209,118.7784,8.7814,10.8597,10.8875,35.868,36.452,,,,,,,,,
2015/7/31,,,,,,,,,,,,,,10.05163,10.0889,109.4023,108.9964,8.5872,10.8027,10.7935,34.296,34.757,,,,,,,,,
2015/6/30,,,,,,,,,,9.83959,106.7987,10.8211,34.812,10.14472,10.1679,110.442,110.5738,8.5373,10.8879,10.872,34.651,34.564,9.90311,10.1679,108.6616,110.5738,8.5373,10.825,10.872,34.08,34.564
2015/5/31,,,,,,,,,,,,,,9.98175,9.87,109.6777,108.95,8.37016,10.8592,10.7621,34.119,33.479,,,,,,,,,
2015/4/30,,,,,,,,,,,,,,9.5587,9.9855,105.6869,108.8462,8.5543,10.7216,10.8795,33.412,34.265,,,,,,,,,
2015/3/31,,,,,,,,,,,,,,9.50941,9.4832,104.5776,105.0811,8.2065,10.7237,10.7155,34.079,33.619,9.77708,9.4832,104.9653,105.0811,8.2065,10.8173,10.7155,35.532,33.619
2015/2/28,,,,,,,,,,,,,,9.84933,9.8027,106.6679,106.512,8.5762,10.8363,10.8023,35.807,35.355,,,,,,,,,
2015/1/31,,,,,,,,,,,,,,9.98869,9.7573,103.75,104.9262,8.5806,10.8971,10.8318,36.791,35.833,,,,,,,,,
2014/12/31,10.76704,10.28,106.9068,106.7437,8.68088,11.1763,10.9919,40.252,38.44,10.81089,106.294,11.114,39.16,10.53566,10.28,107.1269,106.7437,8.68088,11.02,10.9919,38.671,38.44,10.63363,10.28,106.2306,106.7437,8.68088,11.048,10.9919,38.514,38.44
2014/11/30,,,,,,,,,,,,,,10.61567,10.6365,105.7956,107.3499,8.9254,11.0403,11.0356,38.328,38.655,,,,,,,,,
2014/10/31,,,,,,,,,,,,,,10.7387,10.6517,105.7905,104.9422,8.9547,11.0802,11.0362,38.532,38.134,,,,,,,,,
2014/9/30,,,,,,,,,,,,,,10.85432,10.6716,104.805,104.8307,8.9969,11.1239,11.0743,38.856,38.301,10.98277,10.6716,106.3555,104.8307,8.9969,11.1779,11.0743,39.787,38.301
2014/8/31,,,,,,,,,,,,,,11.05677,11.0799,106.5634,105.8673,9.4295,11.188,11.1719,39.926,39.4,,,,,,,,,
2014/7/31,,,,,,,,,,,,,,11.03808,10.9514,107.6487,106.8998,9.5661,11.2204,11.1978,40.551,40.191,,,,,,,,,
2014/6/30,,,,,,,,,,10.72143,107.5442,11.2411,41.387,11.04056,11.1064,107.8005,108.2032,9.7655,11.2271,11.2395,40.768,40.793,11.04223,11.1064,108.2666,108.2032,9.7655,11.2426,11.2395,41.281,40.793
2014/5/31,,,,,,,,,,,,,,11.0352,10.9866,108.3499,107.725,9.7295,11.2446,11.2315,41.372,40.82,,,,,,,,,
2014/4/30,,,,,,,,,,,,,,11.05137,11.0811,108.6686,108.8369,9.7055,11.2566,11.2635,41.723,41.824,,,,,,,,,
2014/3/31,,,,,,,,,,,,,,10.95167,11.0348,107.4463,108.1223,9.6067,11.2528,11.2446,42.037,42.011,10.40573,11.0348,106.8332,108.1223,9.6067,11.2397,11.2446,41.492,42.011
2014/2/28,,,,,,,,,,,,,,10.73245,10.8922,106.5403,107.0419,9.6147,11.2342,11.2615,41.403,41.87,,,,,,,,,
2014/1/31,,,,,,,,,,,,,,9.58758,10.8202,106.5143,105.6845,9.4094,11.2322,11.2203,41.053,41.002,,,,,,,,,
2013/12/31,7.27433,8.99,105.7058,107.937,9.5827,11.1727,11.259,39.427,41.123,7.79865,107.9017,11.1985,39.867,8.65198,8.99,107.9544,107.937,9.5827,11.2461,11.259,40.735,41.123,8.22609,8.99,109.1935,107.937,9.5827,11.2291,11.259,40.208,41.123
2013/11/30,,,,,,,,,,,,,,8.10576,8.3333,108.4193,108.6012,9.3694,11.2101,11.2064,39.845,40.302,,,,,,,,,
2013/10/31,,,,,,,,,,,,,,7.96561,8.0618,110.9778,110.9795,9.3963,11.2316,11.2365,40.082,40.114,,,,,,,,,
2013/9/30,,,,,,,,,,,,,,7.64986,7.8228,109.1244,110.2008,9.307,11.1899,11.2174,39.573,39.943,7.38417,7.8228,106.649,110.2008,9.307,11.1689,11.2174,39.537,39.943
2013/8/31,,,,,,,,,,,,,,7.41966,7.4923,107.0606,107.8543,9.2455,11.1779,11.1755,39.874,39.597,,,,,,,,,
2013/7/31,,,,,,,,,,,,,,7.10764,7.2986,103.9951,105.5187,9.2924,11.141,11.1682,39.182,39.847,,,,,,,,,
2013/6/30,,,,,,,,,,6.72904,103.422,11.1458,38.97,7.02489,7.0315,104.3019,104.8362,9.1813,11.1571,11.151,39.507,39.379,6.83982,7.0315,103.2854,104.8362,9.1813,11.1354,11.151,39.007,39.379
2013/5/31,,,,,,,,,,,,,,6.79643,6.8672,102.835,103.0465,9.0831,11.1195,11.141,38.69,38.997,,,,,,,,,
2013/4/30,,,,,,,,,,,,,,6.70901,6.7723,102.7893,102.9851,9.0645,11.1314,11.1247,38.864,38.639,,,,,,,,,
2013/3/31,,,,,,,,,,,,,,6.5896,6.5572,102.498,101.4481,8.7113,11.1182,11.0822,38.552,38.259,6.61647,6.5572,103.5608,101.4481,8.7113,11.1564,11.0822,38.931,38.259
2013/2/28,,,,,,,,,,,,,,6.68904,6.6196,104.2659,102.9042,8.8494,11.1765,11.1338,39.598,38.903,,,,,,,,,
2013/1/31,,,,,,,,,,,,,,6.57494,6.7452,103.8859,104.9235,9.0991,11.1729,11.226,38.669,40.066,,,,,,,,,
2012/12/31,5.83818,6.4881,99.7197,103.831,8.3978,11.1035,11.1441,37.997,38.326,5.98512,101.8415,11.0837,37.541,6.40054,6.4881,103.0718,103.831,8.3978,11.1451,11.1441,38.123,38.326,6.21689,6.4881,102.798,103.831,8.3978,11.1233,11.1441,37.797,38.326
2012/11/30,,,,,,,,,,,,,,6.15075,6.2735,102.2292,102.7452,7.9357,11.103,11.1119,37.359,37.76,,,,,,,,,
2012/10/31,,,,,,,,,,,,,,6.12843,6.1912,103.1159,102.9992,7.942,11.1245,11.1284,37.948,37.93,,,,,,,,,
2012/9/30,,,,,,,,,,,,,,6.00017,6.0655,102.3981,103.5462,7.8831,11.1071,11.1305,37.95,37.881,5.75692,6.0655,100.8997,103.5462,7.8831,11.0448,11.1305,37.289,37.881
2012/8/31,,,,,,,,,,,,,,5.70963,5.837,100.8238,101.4393,7.6962,11.0247,11.0513,37.147,37.699,,,,,,,,,
2012/7/31,,,,,,,,,,,,,,5.58523,5.6195,99.6168,100.7249,7.4622,11.0092,11.0065,36.836,36.729,,,,,,,,,
2012/6/30,,,,,,,,,,5.68892,97.5645,11.1236,38.461,5.60254,5.5988,97.507,99.7243,7.6277,11.0485,11.0482,37.489,37.526,5.68775,5.5988,96.8433,99.7243,7.6277,11.0984,11.0482,37.965,37.526
2012/5/31,,,,,,,,,,,,,,5.68571,5.5429,95.7537,95.0879,7.4927,11.0963,11.016,37.724,36.987,,,,,,,,,
2012/4/30,,,,,,,,,,,,,,5.78429,5.8333,97.3714,97.9085,7.9902,11.1559,11.147,38.771,38.542,,,,,,,,,
2012/3/31,,,,,,,,,,,,,,5.75016,5.8366,98.0881,98.7176,8.067,11.1619,11.1688,38.992,39.421,5.69004,5.8366,98.2525,98.7176,8.067,11.1477,11.1688,38.933,39.421
2012/2/29,,,,,,,,,,,,,,5.74842,5.8561,98.6522,99.8096,8.1071,11.1635,11.213,39.08,39.531,,,,,,,,,
2012/1/31,,,,,,,,,,,,,,5.57419,5.7134,98.0353,99.0092,7.9438,11.1183,11.173,38.735,39.001,,,,,,,,,
2011/12/31,5.74405,5.567,101.6303,98.3526,7.8032,11.2654,11.1355,40.906,39.196,5.80795,101.7137,11.2523,40.999,5.65022,5.567,98.5999,98.3526,7.8032,11.1543,11.1355,39.878,39.196,5.73452,5.567,100.233,98.3526,7.8032,11.2018,11.1355,40.787,39.196
2011/11/30,,,,,,,,,,,,,,5.772,5.7395,100.6275,99.6839,8.0572,11.2117,11.207,40.984,40.705,,,,,,,,,
2011/10/31,,,,,,,,,,,,,,5.77956,5.9312,101.4527,102.4389,8.3565,11.239,11.293,41.488,41.881,,,,,,,,,
2011/9/30,,,,,,,,,,,,,,5.78537,5.6773,101.7093,100.7459,8.0549,11.2553,11.221,40.911,41.129,5.87916,5.6773,103.1495,100.7459,8.0549,11.3013,11.221,41.205,41.129
2011/8/31,,,,,,,,,,,,,,5.97294,6.0611,104.0063,103.9967,8.6024,11.3305,11.3375,41.562,41.919,,,,,,,,,
2011/7/31,,,,,,,,,,,,,,5.8747,5.9008,103.7199,103.0428,8.4961,11.3174,11.2976,41.121,41.191,,,,,,,,,
2011/6/30,,,,,,,,,,5.67864,101.5449,11.2788,40.811,5.88891,5.9315,103.5543,104.5557,8.6256,11.3327,11.3234,41.513,41.625,5.87112,5.9315,103.4411,104.5557,8.6256,11.3326,11.3234,41.539,41.625
2011/5/31,,,,,,,,,,,,,,5.85639,5.8748,103.2599,103.3295,8.5461,11.3315,11.3146,41.263,41.295,,,,,,,,,
2011/4/30,,,,,,,,,,,,,,5.86759,6.0577,103.5199,105.5729,8.8372,11.3337,11.408,41.887,42.565,,,,,,,,,
2011/3/31,,,,,,,,,,,,,,5.64797,5.7528,100.9667,102.0418,8.466,11.2747,11.3105,41.314,41.785,5.48916,5.7528,99.6783,102.0418,8.466,11.2258,11.3105,40.095,41.785
2011/2/28,,,,,,,,,,,,,,5.48665,5.5734,99.5378,100.3034,8.1496,11.222,11.2615,39.973,41.155,,,,,,,,,
2011/1/31,,,,,,,,,,,,,,5.31762,5.48,98.401,99.801,8.02009,11.1758,11.2249,38.876,39.75,,,,,,,,,
2010/12/31,5.18563,5.31,97.9025,99.5736,7.75664,11.1603,11.1909,41.782,38.95,5.23727,98.4767,11.1637,41.242,5.25652,5.31,98.5319,99.5736,7.75664,11.1558,11.1909,39.49,38.95,5.38745,5.31,100.5895,99.5736,7.75664,11.2091,11.1909,41.227,38.95
2010/11/30,,,,,,,,,,,,,,5.41821,5.17,100.9828,97.0766,7.52565,11.2222,11.1047,41.429,39.62,,,,,,,,,
2010/10/31,,,,,,,,,,,,,,5.49863,5.4818,102.431,102.1508,8.0021,11.2536,11.2443,42.92,42.435,,,,,,,,,
2010/9/30,,,,,,,,,,,,,,5.16312,5.4094,97.8784,101.1167,7.7698,11.1388,11.2138,41.507,42.75,5.08708,5.4094,96.3639,101.1167,7.7698,11.1183,11.2138,41.256,42.75
2010/8/31,,,,,,,,,,,,,,5.07544,5.0073,96.2684,95.4109,7.2352,11.115,11.0875,41.188,40.695,,,,,,,,,
2010/7/31,,,,,,,,,,,,,,5.02268,5.1265,94.945,96.1967,7.4273,11.101,11.1225,41.073,41.75,,,,,,,,,
2010/6/30,,,,,,,,,,5.13154,97.301,11.1567,42.347,4.78975,4.8225,91.3527,91.5358,6.9893,11.0046,11.023,39.417,39.585,4.95437,4.8225,94.1619,91.5358,6.9893,11.0753,11.023,40.531,39.585
2010/5/31,,,,,,,,,,,,,,4.8984,4.8053,93.4494,91.5585,6.9679,11.051,11.0045,40.088,39.325,,,,,,,,,
2010/4/30,,,,,,,,,,,,,,5.19422,5.1596,98,97.7055,7.4018,11.1785,11.162,42.221,41.81,,,,,,,,,
2010/3/31,,,,,,,,,,,,,,5.23903,5.2204,98.9435,98.5394,7.4215,11.2004,11.193,43.238,42.875,5.30871,5.2204,100.4402,98.5394,7.4215,11.2382,11.193,44.164,42.875
2010/2/28,,,,,,,,,,,,,,5.2683,5.2373,99.7747,98.9894,7.4499,11.2187,11.2003,43.901,43.51,,,,,,,,,
2010/1/31,,,,,,,,,,,,,,5.42927,5.34,102.8268,101.2381,7.63354,11.3013,11.2635,45.493,44.66,,,,,,,,,
2009/12/31,5.21121,5.48,101.1403,103.4656,7.90133,11.2516,11.3168,46.031,46.065,5.55679,105.4487,11.3361,47.314,5.56364,5.48,105.6218,103.4656,7.90133,11.3474,11.3168,47.149,46.065,5.63923,5.48,106.7772,103.4656,7.90133,11.3675,11.3168,47.739,46.065
2009/11/30,,,,,,,,,,,,,,5.68524,5.72,107.7158,108.3848,8.2281,11.3843,11.3965,48.203,48.295,,,,,,,,,
2009/10/31,,,,,,,,,,,,,,5.67091,5.65,107.0366,107.1484,8.10004,11.3715,11.3681,47.885,48.105,,,,,,,,,
2009/9/30,,,,,,,,,,,,,,5.59545,5.63,105.5724,106.1314,8.05526,11.3383,11.3486,47.441,47.095,5.47561,5.63,104.1403,106.1314,8.05526,11.3052,11.3486,46.896,47.095
2009/8/31,,,,,,,,,,,,,,5.47476,5.5,103.9299,103.8217,7.88813,11.3003,11.2997,46.905,46.99,,,,,,,,,
2009/7/31,,,,,,,,,,,,,,5.36174,5.41,102.9625,103.2747,7.84376,11.2779,11.2812,46.365,46.39,,,,,,,,,
2009/6/30,,,,,,,,,,4.84904,96.6251,11.1631,44.686,5.27864,5.35,102.3052,103.5492,7.90656,11.2698,11.2807,45.952,46.365,5.08419,5.35,99.2606,103.5492,7.90656,11.2108,11.2807,45.103,46.365
2009/5/31,,,,,,,,,,,,,,5.0835,5.27,98.7174,101.7594,7.9259,11.2131,11.2759,44.856,46.01,,,,,,,,,
2009/4/30,,,,,,,,,,,,,,4.871,4.94,96.4549,96.4562,7.47914,11.1436,11.1581,44.416,44.03,,,,,,,,,
2009/3/31,,,,,,,,,,,,,,4.76636,4.94,95.1542,99.7674,7.50298,11.1166,11.1615,44.788,45.125,4.61762,4.94,94.0315,99.7674,7.50298,11.1162,11.1615,44.276,45.125
2009/2/28,,,,,,,,,,,,,,4.4875,4.5,91.907,91.6311,7.05219,11.0797,11.0564,43.807,44.18,,,,,,,,,
2009/1/31,,,,,,,,,,,,,,4.58571,4.47,94.8786,92.3265,7.13403,11.1506,11.0847,44.186,43.185,,,,,,,,,
2008/12/31,4.63977,4.8,94.8529,98.211,7.67523,11.35,11.2506,46.283,45.7,4.48238,90.2878,11.2702,45.19,4.60381,4.8,95.1385,98.211,7.67523,11.1795,11.2506,44.567,45.7,4.38141,4.8,88.0893,98.211,7.67523,11.1391,11.2506,43.435,45.7
2008/11/30,,,,,,,,,,,,,,4.2375,4.29,86.6046,89.7517,7.0253,11.0709,11.0707,42.151,42.37,,,,,,,,,
2008/10/31,,,,,,,,,,,,,,4.30348,4.31,82.9443,85.338,7.11203,11.1614,11.0753,43.518,42.075,,,,,,,,,
2008/9/30,,,,,,,,,,,,,,4.42409,4.46,87.5744,86.9182,7.798,11.3127,11.304,45.949,46.035,4.5803,4.46,92.4196,86.9182,7.798,11.3973,11.304,46.893,46.035
2008/8/31,,,,,,,,,,,,,,4.5419,4.46,91.8493,89.7288,7.90606,11.3898,11.3603,46.723,46.48,,,,,,,,,
2008/7/31,,,,,,,,,,,,,,4.76478,4.72,97.5747,95.9833,8.29334,11.4851,11.4675,47.951,47.795,,,,,,,,,
2008/6/30,,,,,,,,,,4.80214,99.5629,11.4323,47.411,4.74143,4.77,98.1918,98.9606,8.40615,11.4652,11.4847,47.215,47.845,4.87984,4.77,99.7269,98.9606,8.40615,11.4728,11.4847,47.542,47.845
2008/5/31,,,,,,,,,,,,,,4.90571,4.82,98.6152,97.3902,8.28554,11.4679,11.4548,47.602,47.145,,,,,,,,,
2008/4/30,,,,,,,,,,,,,,4.98727,4.92,102.2533,99.2074,8.3411,11.4849,11.5065,47.798,47.352,,,,,,,,,
2008/3/31,,,,,,,,,,,,,,4.90053,5,101.7121,103.1557,8.60489,11.4601,11.4898,47.532,48.037,4.72194,5,99.3937,103.1557,8.60489,11.3905,11.4898,47.274,48.037
2008/2/29,,,,,,,,,,,,,,4.6581,4.79,98.3175,100.3024,8.33616,11.3616,11.414,46.659,46.94,,,,,,,,,
2008/1/31,,,,,,,,,,,,,,4.62864,4.69,98.4187,98.9078,8.25285,11.3579,11.377,47.639,47.861,,,,,,,,,
2007/12/31,4.27146,4.63,95.4195,98.0684,8.11596,11.2193,11.3485,45.011,47.753,4.43256,96.3127,11.277,46.103,4.58105,4.63,97.8789,98.0684,8.11596,11.3535,11.3485,47.23,47.753,4.55734,4.63,97.4822,98.0684,8.11596,11.3323,11.3485,46.988,47.753
2007/11/30,,,,,,,,,,,,,,4.60409,4.64,97.9506,98.4601,8.17049,11.3543,11.3655,47.48,47.632,,,,,,,,,
2007/10/31,,,,,,,,,,,,,,4.49304,4.53,96.7064,95.7367,7.96363,11.2937,11.2885,46.318,46.812,,,,,,,,,
2007/9/30,,,,,,,,,,,,,,4.3705,4.47,95.5381,95.9557,7.92224,11.2415,11.2927,45.875,46.323,4.30969,4.47,95.1613,95.9557,7.92224,11.2226,11.2927,45.231,46.323
2007/8/31,,,,,,,,,,,,,,4.29652,4.33,94.666,93.8161,7.75131,11.2142,11.2405,44.902,45.23,,,,,,,,,
2007/7/31,,,,,,,,,,,,,,4.26818,4.27,95.3364,94.7179,7.74417,11.2142,11.187,44.989,44.978,,,,,,,,,
2007/6/30,,,,,,,,,,4.1052,94.4977,11.1597,43.894,4.12905,4.16,94.1992,94.0672,7.68744,11.1728,11.1592,44.243,44.224,4.15443,4.16,95.0729,94.0672,7.68744,11.1865,11.1592,44.669,44.224
2007/5/31,,,,,,,,,,,,,,4.16286,4.14,95.6024,94.564,7.66009,11.1997,11.1556,44.953,44.436,,,,,,,,,
2007/4/30,,,,,,,,,,,,,,4.17316,4.2,95.4534,95.4937,7.73303,11.1871,11.2159,44.811,45.302,,,,,,,,,
2007/3/31,,,,,,,,,,,,,,4.10727,4.14,95.0221,95.5896,7.58598,11.1536,11.1897,43.727,44.08,4.05828,4.14,93.9495,95.5896,7.58598,11.1342,11.1897,43.143,44.08
2007/2/28,,,,,,,,,,,,,,4.0565,4.1,93.4446,94.8837,7.52395,11.1237,11.1492,43.109,43.533,,,,,,,,,
2007/1/31,,,,,,,,,,,,,,4.01091,4.03,93.336,92.8724,7.3873,11.1244,11.1237,42.591,42.67,,,,,,,,,
2006/12/31,3.86325,4.05,91.5183,93.7301,7.52143,11.0404,11.1464,40.849,42.912,3.94961,93.1851,11.0845,42.046,4.04474,4.05,94.1546,93.7301,7.52143,11.1583,11.1464,42.954,42.912,3.96603,4.05,93.4432,93.7301,7.52143,11.0951,11.1464,42.335,42.912
2006/11/30,,,,,,,,,,,,,,3.95545,4.04,93.0437,93.3165,7.54574,11.0827,11.1036,42.276,42.822,,,,,,,,,
2006/10/31,,,,,,,,,,,,,,3.90864,3.93,93.2283,93.8066,7.28208,11.0529,11.0752,41.858,42.237,,,,,,,,,
2006/9/30,,,,,,,,,,,,,,3.94524,3.93,91.9064,91.3306,7.26668,11.0715,11.0604,41.881,41.908,3.93369,3.93,92.9349,91.3306,7.26668,11.0741,11.0604,41.767,41.908
2006/8/31,,,,,,,,,,,,,,3.94478,3.98,93.3358,94.0866,7.37837,11.0841,11.086,42.008,42.294,,,,,,,,,
2006/7/31,,,,,,,,,,,,,,3.91,3.93,93.5244,94.4578,7.33882,11.0658,11.0842,41.388,41.828,,,,,,,,,
2006/6/30,,,,,,,,,,3.77622,89.8384,10.996,39.642,3.89864,3.93,92.6336,92.9155,7.31604,11.0651,11.0759,41.079,41.163,3.86145,3.93,91.5162,92.9155,7.31604,11.0512,11.0759,40.481,41.163
2006/5/31,,,,,,,,,,,,,,3.90318,3.97,92.0239,93.6298,7.41461,11.075,11.0918,40.573,41.185,,,,,,,,,
2006/4/30,,,,,,,,,,,,,,3.765,3.82,89.5301,91.1493,7.21494,11.0052,11.0426,39.638,40.008,,,,,,,,,
2006/3/31,,,,,,,,,,,,,,3.69826,3.73,88.3926,89.5649,6.94953,10.9576,10.963,39.052,39.28,3.69492,3.73,88.238,89.5649,6.94953,10.9432,10.963,38.842,39.28
2006/2/28,,,,,,,,,,,,,,3.664,3.65,87.6469,88.1235,6.80322,10.9216,10.8995,38.602,38.501,,,,,,,,,
2006/1/31,,,,,,,,,,,,,,3.71955,3.72,88.6138,88.3874,6.94602,10.9479,10.9281,38.842,38.753,,,,,,,,,
2005/12/31,3.6393,3.59,90.5202,86.907,,11.0235,10.9214,39.998,38.742,3.53285,88.0052,10.9639,39.591,3.57524,3.59,86.6458,86.907,,10.9264,10.9214,39.491,38.742,3.54656,3.59,86.9153,86.907,,10.9352,10.9214,39.764,38.742
2005/11/30,,,,,,,,,,,,,,3.51636,3.52,86.6011,86.1475,,10.9216,10.9123,39.58,39.448,,,,,,,,,
2005/10/31,,,,,,,,,,,,,,3.54952,3.62,87.514,87.9435,,10.9584,10.9555,40.23,40.322,,,,,,,,,
2005/9/30,,,,,,,,,,,,,,3.56,3.5,88.9064,87.6953,,11.0048,10.9746,40.34,39.969,3.51955,3.5,89.0622,87.6953,,10.9918,10.9746,39.423,39.969
2005/8/31,,,,,,,,,,,,,,3.53783,3.55,89.707,90.0856,,11.0081,10.9852,39.458,39.95,,,,,,,,,
2005/7/31,,,,,,,,,,,,,,3.45714,3.47,88.519,88.7,,10.9602,10.9674,38.425,38.651,,,,,,,,,
2005/6/30,,,,,,,,,,3.74827,93.0946,11.0845,40.415,3.51364,3.49,89.1595,88.6637,,10.9945,10.9575,38.155,38.239,3.65138,3.49,91.6749,88.6637,,11.0535,10.9575,39.539,38.239
2005/5/31,,,,,,,,,,,,,,3.67864,3.57,92.4479,90.8041,,11.0744,11.0239,39.732,38.683,,,,,,,,,
2005/4/30,,,,,,,,,,,,,,3.76714,3.77,93.5003,93.3753,,11.0932,11.0988,40.788,40.523,,,,,,,,,
2005/3/31,,,,,,,,,,,,,,3.85905,3.79,94.8151,93.8233,,11.1289,11.0912,41.08,40.85,3.84984,3.79,94.583,93.8233,,11.117,11.0912,41.333,40.85
2005/2/28,,,,,,,,,,,,,,3.8,3.89,94.1349,95.145,,11.0989,11.1385,41.004,41.317,,,,,,,,,
2005/1/31,,,,,,,,,,,,,,3.8881,3.84,94.7777,94.2985,,11.1224,11.1047,41.898,41.429,,,,,,,,,
2004/12/31,3.66702,4.05,89.2489,98.2655,,11.0286,11.1874,41.558,43.332,3.75447,91.0237,11.053,42.1,3.97826,4.05,96.6889,98.2655,,11.1652,11.1874,43.201,43.332,3.84911,4.05,94.0958,98.2655,,11.1113,11.1874,42.686,43.332
2004/11/30,,,,,,,,,,,,,,3.83906,3.91,94.4333,96.3927,,11.1207,11.1657,42.569,42.812,,,,,,,,,
2004/10/31,,,,,,,,,,,,,,3.71819,3.80608,90.9021,92.7946,,11.0424,11.087,42.245,42.577,,,,,,,,,
2004/9/30,,,,,,,,,,,,,,3.67129,3.7202,88.1992,90.0557,,10.9907,11.0278,41.427,42.17,3.65984,3.7202,87.9516,90.0557,,10.9947,11.0278,41.514,42.17
2004/8/31,,,,,,,,,,,,,,3.67314,3.62314,87.9752,87.0215,,10.9853,10.9176,41.542,41.241,,,,,,,,,
2004/7/31,,,,,,,,,,,,,,3.63507,3.5822,87.6803,86.4664,,11.0081,10.9593,41.574,41.096,,,,,,,,,
2004/6/30,,,,,,,,,,3.57613,87.4042,11.0033,40.995,3.60031,3.60425,86.3172,86.8747,,10.9844,10.9811,40.844,41.052,3.50468,3.60425,85.6453,86.8747,,10.958,10.9811,40.231,41.052
2004/5/31,,,,,,,,,,,,,,3.49784,3.60205,85.3286,86.6688,,10.9473,10.9892,40.219,40.748,,,,,,,,,
2004/4/30,,,,,,,,,,,,,,3.40668,3.38224,85.239,84.5972,,10.9402,10.8539,39.568,39.865,,,,,,,,,
2004/3/31,,,,,,,,,,,,,,3.57288,3.50681,87.5378,86.1012,,11.0081,10.9498,40.841,40.367,3.64646,3.50681,89.1356,86.1012,,11.0479,10.9498,41.747,40.367
2004/2/29,,,,,,,,,,,,,,3.70744,3.64691,89.8521,87.712,,11.0617,11.0345,42.032,41.409,,,,,,,,,
2004/1/31,,,,,,,,,,,,,,3.66897,3.65936,90.2032,89.2422,,11.0781,11.1175,42.468,41.333,,,,,,,,,
2003/12/31,3.33584,3.73116,86.1442,90.7494,,10.8249,11.0746,38.912,42.933,3.33971,86.8313,10.8718,39.451,3.62957,3.73116,85.8727,90.7494,,11,11.0746,41.825,42.933,3.44398,3.73116,86.2868,90.7494,,10.9276,11.0746,40.414,42.933
2003/11/30,,,,,,,,,,,,,,3.35921,3.54393,83.1527,83.2789,,10.8867,10.9484,39.846,41.031,,,,,,,,,
2003/10/31,,,,,,,,,,,,,,3.34824,3.3358,89.3901,88.0625,,10.8971,10.879,39.619,39.489,,,,,,,,,
2003/9/30,,,,,,,,,,,,,,3.28291,3.39102,87.1464,89.7281,,10.8127,10.9119,38.137,39.353,3.23861,3.39102,87.3594,89.7281,,10.8177,10.9119,38.518,39.353
2003/8/31,,,,,,,,,,,,,,3.25583,3.218,86.4259,85.029,,10.7986,10.7494,38.247,37.344,,,,,,,,,
2003/7/31,,,,,,,,,,,,,,3.18051,3.28846,88.4154,88.002,,10.84,10.8474,39.129,38.952,,,,,,,,,
2003/6/30,,,,,,,,,,3.33181,85.4297,10.7758,38.35,3.28223,3.20555,78.3045,89.5707,,10.8933,10.8513,40.373,39.555,3.24435,3.20555,85.4922,89.5707,,10.8411,10.8513,39.481,39.555
2003/5/31,,,,,,,,,,,,,,3.28885,3.40026,91.7791,93.043,,10.884,10.9261,40.208,41.055,,,,,,,,,
2003/4/30,,,,,,,,,,,,,,3.15787,3.1779,86.4381,87.6789,,10.7432,10.8091,37.782,38.784,,,,,,,,,
2003/3/31,,,,,,,,,,,,,,3.34103,3.25216,86.0904,86.7884,,10.7326,10.7598,37.524,37.859,3.41788,3.25216,85.3682,86.7884,,10.7126,10.7598,37.238,37.859
2003/2/28,,,,,,,,,,,,,,3.42323,3.45659,85.7274,85.9726,,10.7221,10.7095,37.462,37.47,,,,,,,,,
2003/1/31,,,,,,,,,,,,,,3.48638,3.54224,84.3522,86.144,,10.6848,10.7413,36.761,37.544,,,,,,,,,
2002/12/31,3.15561,3.53936,74.9659,83.5866,,10.3967,10.6547,32.671,36.448,3.58604,78.7886,10.5184,34.102,3.59533,3.53936,80.9317,83.5866,,10.5875,10.6547,35.494,36.448,3.58937,3.53936,79.3255,83.5866,,10.5405,10.6547,34.819,36.448
2002/11/30,,,,,,,,,,,,,,3.5615,3.56876,79.3918,78.5004,,10.5474,10.5148,34.752,34.559,,,,,,,,,
2002/10/31,,,,,,,,,,,,,,3.60962,3.49679,77.8684,78.0145,,10.4932,10.5298,34.294,34.285,,,,,,,,,
2002/9/30,,,,,,,,,,,,,,3.58796,3.70243,77.6871,78.8159,,10.4881,10.4986,33.898,34.433,3.58281,3.70243,78.2679,78.8159,,10.497,10.4986,33.407,34.433
2002/8/31,,,,,,,,,,,,,,3.54399,3.56446,77.9304,77.7985,,10.4848,10.4931,33.221,33.669,,,,,,,,,
2002/7/31,,,,,,,,,,,,,,3.61523,3.58058,79.121,77.5988,,10.5167,10.4772,33.136,33.019,,,,,,,,,
2002/6/30,,,,,,,,,,2.60703,70.9903,10.2701,31.183,3.50872,3.85035,75.9956,79.5107,,10.4285,10.5565,32.467,33.47,3.07036,3.85035,73.2685,79.5107,,10.3282,10.5565,31.645,33.47
2002/5/31,,,,,,,,,,,,,,3.08324,3.41687,73.0864,74.3477,,10.3268,10.3947,31.587,32.03,,,,,,,,,
2002/4/30,,,,,,,,,,,,,,2.6394,2.64835,70.8619,72.1103,,10.2343,10.2758,30.923,31.278,,,,,,,,,
2002/3/31,,,,,,,,,,,,,,2.18142,2.63901,69.2877,69.2803,,10.2074,10.194,30.665,30.532,1.85856,2.63901,68.6754,69.2803,,10.2111,10.194,30.713,30.532
2002/2/28,,,,,,,,,,,,,,1.80636,1.90755,68.4601,68.1605,,10.1933,10.1659,30.513,30.373,,,,,,,,,
2002/1/31,,,,,,,,,,,,,,0.89543,0.8913,68.3146,67.6508,,10.2307,10.1861,30.938,30.205,,,,,,,,,
2001/12/31,0.89526,0.88001,68.4647,68.006,,10.1122,10.2185,30.275,30.895,0.89247,68.6953,10.2573,30.905,0.89197,0.88001,68.7636,68.006,,10.2544,10.2185,30.914,30.895,0.89523,0.88001,68.7546,68.006,,10.2643,10.2185,30.956,30.895
2001/11/30,,,,,,,,,,,,,,0.88691,0.88762,68.5196,68.4536,,10.2431,10.246,30.636,30.674,,,,,,,,,
2001/10/31,,,,,,,,,,,,,,0.90546,0.90388,68.9722,68.646,,10.2923,10.2867,31.295,31.21,,,,,,,,,
2001/9/30,,,,,,,,,,,,,,0.9109,0.91463,69.2091,68.924,,10.3118,10.3319,31.504,31.589,0.88987,0.91463,68.6378,68.924,,10.2505,10.3319,30.855,31.589
2001/8/31,,,,,,,,,,,,,,0.90001,0.91569,68.8964,68.9966,,10.2792,10.321,31.169,31.626,,,,,,,,,
2001/7/31,,,,,,,,,,,,,,0.86017,0.87517,67.8481,68.312,,10.1649,10.2088,29.937,30.415,,,,,,,,,
2001/6/30,,,,,,,,,,0.89806,68.2305,9.9648,29.636,0.85302,0.84789,67.6213,67.2205,,10.1308,10.1251,29.261,29.207,0.87227,0.84789,67.8291,67.2205,,10.0583,10.1251,29.222,29.207
2001/5/31,,,,,,,,,,,,,,0.87397,0.84796,67.9782,67.4872,,10.1724,10.1031,29.06,28.796,,,,,,,,,
2001/4/30,,,,,,,,,,,,,,0.89158,0.887,67.8862,68.5937,,9.8461,10.2433,29.365,29.219,,,,,,,,,
2001/3/31,,,,,,,,,,,,,,0.90939,0.8828,68.4584,68.6865,,9.821,9.7064,29.643,28.991,0.92304,0.8828,68.6194,68.6865,,9.8742,9.7064,30.037,28.991
2001/2/28,,,,,,,,,,,,,,0.92158,0.92468,68.75,68.2872,,9.8634,9.8869,29.787,29.918,,,,,,,,,
2001/1/31,,,,,,,,,,,,,,0.938,0.92921,68.6615,69.7626,,9.9371,9.8938,30.658,30.093,,,,,,,,,
2000/12/31,0.91995,0.92901,68.6964,68.3173,,9.7862,9.8745,28.731,30.801,0.88676,68.2015,9.6389,28.145,0.89684,0.92901,67.5464,68.3173,,9.7057,9.8745,29.692,30.801,0.86795,0.92901,67.2503,68.3173,,9.5509,9.8745,28.161,30.801
2000/11/30,,,,,,,,,,,,,,0.85605,0.86825,66.8135,66.9189,,9.4972,9.5739,27.78,28.669,,,,,,,,,
2000/10/31,,,,,,,,,,,,,,0.85489,0.84152,67.4313,66.1408,,9.4709,9.4138,27.219,27.221,,,,,,,,,
2000/9/30,,,,,,,,,,,,,,0.87187,0.87646,68.3002,68.2969,,9.5608,9.5812,27.199,27.437,0.90499,0.87646,69.1236,68.2969,,9.7242,9.5812,28.13,27.437
2000/8/31,,,,,,,,,,,,,,0.90381,0.89042,69.1066,68.6653,,9.7245,9.6519,28.107,27.697,,,,,,,,,
2000/7/31,,,,,,,,,,,,,,0.93939,0.92381,69.9655,69.5074,,9.8873,9.8346,29.086,28.756,,,,,,,,,
2000/6/30,,,,,,,,,,,69.2287,9.9447,29.361,0.94904,0.95544,70.2209,70.313,,9.932,9.9631,29.25,29.405,0.93286,0.95544,69.6685,70.313,,9.8452,9.9631,28.646,29.405
2000/5/31,,,,,,,,,,,,,,0.90533,0.93017,68.8631,69.6143,,9.7253,9.8575,27.861,28.638,,,,,,,,,
2000/4/30,,,,,,,,,,,,,,0.94674,0.90835,69.9779,69.1005,,9.8857,9.7067,28.866,27.784,,,,,,,,,
2000/3/31,,,,,,,,,,,,,,0.96445,0.95515,69.5604,69.928,,9.9781,9.894,29.601,29.117,0.98045,0.95515,68.7503,69.928,,10.0529,9.894,30.14,29.117
2000/2/29,,,,,,,,,,,,,,0.98291,0.97125,68.0467,68.882,,10.0797,10.0298,30.219,29.872,,,,,,,,,
2000/1/31,,,,,,,,,,,,,,1.00476,0.97905,68.4537,65.7955,,10.1419,10.0475,30.965,30.061,,,,,,,,,
1999/12/31,,,,,,,,34.397,,,,,33.249,,,,,,,,31.968,,,,,,,,,32.916,
1999/11/30,,,,,,,,,,,,,,,,,,,,,32.82,,,,,,,,,,
1999/10/31,,,,,,,,,,,,,,,,,,,,,34.01,,,,,,,,,,
1999/9/30,,,,,,,,,,,,,,,,,,,,,33.395,,,,,,,,,33.577,
1999/8/31,,,,,,,,,,,,,,,,,,,,,33.914,,,,,,,,,,
1999/7/31,,,,,,,,,,,,,,,,,,,,,33.421,,,,,,,,,,
1999/6/30,,,,,,,,,,,,,35.571,,,,,,,,33.696,,,,,,,,,34.575,
1999/5/31,,,,,,,,,,,,,,,,,,,,,34.818,,,,,,,,,,
1999/4/30,,,,,,,,,,,,,,,,,,,,,35.221,,,,,,,,,,
1999/3/31,,,,,,,,,,,,,,,,,,,,,36.038,,,,,,,,,36.599,
1999/2/28,,,,,,,,,,,,,,,,,,,,,36.409,,,,,,,,,,
1999/1/31,,,,,,,,,,,,,,,,,,,,,37.434,,,,,,,,,,
